{
  "ID": "6914f5d9-3f8f-46cd-b9a9-17bf9932e8f1",
  "Version": "3.10.0.0",
  "Name": "display_bg",
  "Content": {
    "Content": {
      "Animation": {
        "Duration": 3,
        "Speed": 1.0,
        "Timelines": [
          {
            "ActionTag": 2458141,
            "Property": "Position",
            "Frames": [
              {
                "X": -395.0,
                "Y": 95.0,
                "FrameIndex": 0,
                "Tween": false,
                "ctype": "PointFrameData"
              },
              {
                "X": -395.0,
                "Y": 95.0,
                "FrameIndex": 3,
                "EasingData": {
                  "Type": 0
                },
                "ctype": "PointFrameData"
              }
            ],
            "ctype": "TimelineData"
          },
          {
            "ActionTag": 2458141,
            "Property": "RotationSkew",
            "Frames": [
              {
                "X": 0.0,
                "Y": 0.0,
                "FrameIndex": 0,
                "Tween": false,
                "ctype": "ScaleValueFrameData"
              },
              {
                "X": 0.0,
                "Y": 0.0,
                "FrameIndex": 3,
                "EasingData": {
                  "Type": 0
                },
                "ctype": "ScaleValueFrameData"
              }
            ],
            "ctype": "TimelineData"
          },
          {
            "ActionTag": 2458141,
            "Property": "Alpha",
            "Frames": [
              {
                "Value": 255,
                "FrameIndex": 0,
                "Tween": false,
                "ctype": "IntFrameData"
              },
              {
                "Value": 255,
                "FrameIndex": 3,
                "EasingData": {
                  "Type": 0
                },
                "ctype": "IntFrameData"
              }
            ],
            "ctype": "TimelineData"
          },
          {
            "ActionTag": 2458141,
            "Property": "Scale",
            "Frames": [
              {
                "X": 1.0,
                "Y": 1.0,
                "FrameIndex": 0,
                "Tween": false,
                "ctype": "ScaleValueFrameData"
              },
              {
                "X": 1.0,
                "Y": 1.0,
                "FrameIndex": 3,
                "EasingData": {
                  "Type": 0
                },
                "ctype": "ScaleValueFrameData"
              }
            ],
            "ctype": "TimelineData"
          },
          {
            "ActionTag": 2458141,
            "Property": "FileData",
            "Frames": [
              {
                "TextureFile": {
                  "Type": "PlistSubImage",
                  "Path": "display_bg_gold.png",
                  "Plist": "_bitmaps/game_jackpot1.plist"
                },
                "FrameIndex": 0,
                "Tween": false,
                "ctype": "TextureFrameData"
              },
              {
                "TextureFile": {
                  "Type": "PlistSubImage",
                  "Path": "display_bg_silver.png",
                  "Plist": "_bitmaps/game_jackpot1.plist"
                },
                "FrameIndex": 1,
                "Tween": false,
                "ctype": "TextureFrameData"
              },
              {
                "TextureFile": {
                  "Type": "PlistSubImage",
                  "Path": "display_bg_bronze.png",
                  "Plist": "_bitmaps/game_jackpot1.plist"
                },
                "FrameIndex": 2,
                "Tween": false,
                "ctype": "TextureFrameData"
              },
              {
                "TextureFile": {
                  "Type": "PlistSubImage",
                  "Path": "display_bg_univerzal.png",
                  "Plist": "_bitmaps/game_jackpot1.plist"
                },
                "FrameIndex": 3,
                "Tween": false,
                "ctype": "TextureFrameData"
              }
            ],
            "ctype": "TimelineData"
          },
          {
            "ActionTag": 2458141,
            "Property": "AnchorPoint",
            "Frames": [
              {
                "X": 0.0,
                "Y": 1.0,
                "FrameIndex": 0,
                "Tween": false,
                "ctype": "ScaleValueFrameData"
              },
              {
                "X": 0.0,
                "Y": 1.0,
                "FrameIndex": 3,
                "EasingData": {
                  "Type": 0
                },
                "ctype": "ScaleValueFrameData"
              }
            ],
            "ctype": "TimelineData"
          },
          {
            "ActionTag": 2458141,
            "Property": "CColor",
            "Frames": [
              {
                "Alpha": 255,
                "Color": {},
                "FrameIndex": 0,
                "EasingData": {
                  "Type": 0
                },
                "ctype": "ColorFrameData"
              }
            ],
            "ctype": "TimelineData"
          },
          {
            "ActionTag": 2458141,
            "Property": "VisibleForFrame",
            "Frames": [
              {
                "Value": true,
                "FrameIndex": 0,
                "Tween": false,
                "ctype": "BoolFrameData"
              }
            ],
            "ctype": "TimelineData"
          },
          {
            "ActionTag": -1338976495,
            "Property": "VisibleForFrame",
            "Frames": [
              {
                "Value": false,
                "FrameIndex": 0,
                "Tween": false,
                "ctype": "BoolFrameData"
              },
              {
                "Value": false,
                "FrameIndex": 1,
                "Tween": false,
                "ctype": "BoolFrameData"
              },
              {
                "Value": false,
                "FrameIndex": 2,
                "Tween": false,
                "ctype": "BoolFrameData"
              },
              {
                "Value": true,
                "FrameIndex": 3,
                "Tween": false,
                "ctype": "BoolFrameData"
              }
            ],
            "ctype": "TimelineData"
          }
        ],
        "ctype": "TimelineActionData"
      },
      "AnimationList": [
        {
          "StartIndex": 0,
          "EndIndex": 0,
          "Name": "GOLD",
          "ctype": "AnimationInfoData"
        },
        {
          "StartIndex": 1,
          "EndIndex": 1,
          "Name": "SILVER",
          "ctype": "AnimationInfoData"
        },
        {
          "StartIndex": 2,
          "EndIndex": 2,
          "Name": "BRONZE",
          "ctype": "AnimationInfoData"
        },
        {
          "StartIndex": 3,
          "EndIndex": 3,
          "Name": "UNIVERZAL",
          "ctype": "AnimationInfoData"
        }
      ],
      "ObjectData": {
        "Tag": 1,
        "Children": [
          {
            "FileData": {
              "Type": "PlistSubImage",
              "Path": "display_bg_univerzal.png",
              "Plist": "_bitmaps/game_jackpot1.plist"
            },
            "BlendFunc": {
              "Src": 1,
              "Dst": 771
            },
            "AnchorPoint": {
              "ScaleY": 1.0
            },
            "Position": {
              "X": -395.0,
              "Y": 95.0
            },
            "Scale": {
              "ScaleX": 1.0,
              "ScaleY": 1.0
            },
            "CColor": {},
            "IconVisible": false,
            "PrePosition": {
              "X": 0.0,
              "Y": 0.0
            },
            "PreSize": {
              "X": 0.0,
              "Y": 0.0
            },
            "LeftMargin": -395.0,
            "RightMargin": -397.0,
            "TopMargin": -95.0,
            "BottomMargin": -93.0,
            "Tag": 2458151,
            "ActionTag": 2458141,
            "Size": {
              "X": 792.0,
              "Y": 188.0
            },
            "Name": "Layer_2",
            "ctype": "SpriteObjectData"
          },
          {
            "IsCustomSize": true,
            "FontSize": 26,
            "LabelText": "txt",
            "HorizontalAlignmentType": "HT_Center",
            "VerticalAlignmentType": "VT_Bottom",
            "OutlineColor": {
              "G": 0,
              "B": 0
            },
            "ShadowColor": {
              "R": 110,
              "G": 110,
              "B": 110
            },
            "ShadowOffsetX": 2.0,
            "ShadowOffsetY": -2.0,
            "AnchorPoint": {
              "ScaleX": 0.5,
              "ScaleY": 0.5
            },
            "Position": {
              "X": 0.0,
              "Y": 62.0
            },
            "Scale": {
              "ScaleX": 1.0,
              "ScaleY": 1.0
            },
            "CColor": {},
            "IconVisible": false,
            "PrePosition": {
              "X": 0.0,
              "Y": 0.0
            },
            "PreSize": {
              "X": 0.0,
              "Y": 0.0
            },
            "LeftMargin": -120.0,
            "RightMargin": -120.0,
            "TopMargin": -77.0,
            "BottomMargin": 47.0,
            "Tag": 3,
            "ActionTag": -1338976495,
            "Size": {
              "X": 240.0,
              "Y": 30.0
            },
            "Name": "text",
            "ctype": "TextObjectData"
          }
        ],
        "Size": {
          "X": 0.0,
          "Y": 0.0
        },
        "Name": "animation/sprites/display_bg",
        "ctype": "SingleNodeObjectData"
      },
      "UsedResources": [
        "_bitmaps/game_jackpot1.plist",
        "_bitmaps/game_jackpot1.png"
      ],
      "ctype": "GameFileData"
    }
  },
  "Type": "Node"
}